{"cameraMode":{"drawMode":0,"name":"Shaded","section":"Shading Mode"},"sceneLighting":true,"audioPlay":false,"sceneViewState":{"m_AlwaysRefresh":false,"showFog":true,"showSkybox":true,"showFlares":true,"showImageEffects":true,"showParticleSystems":true,"showVisualEffectGraphs":true,"m_FxEnabled":true},"in2DMode":false,"pivot":{"x":-196.89108276367188,"y":372.1963806152344,"z":-62.73644256591797},"rotation":{"x":-0.19344019889831544,"y":0.1109793484210968,"z":-0.021819129586219789,"w":-0.9746664762496948},"size":260.04510498046877,"orthographic":false}